brand,count
Bulk Barn,19
Savours Fresh Market - Hartmans Signature,1
Rowe Farms,1
Marche Istanbul,1
Dubai Foods,1
Asian Food Centre,1
Sommer Market,1
The Grocery Outlet,1
Mak European Delicatessens,1
Kosher City Plus,1
Spiceland Super Market,1
Orchards Marketplace,1
Nortown Foods,1
Rowe Beach Market,1
International Delicatessen Foods,1
Superking Supermarket,1
Philippine Oriental Food Market,1
Santo Fine Meat & Deli,1
Btrust Supermarket,1
Fresh City Farms,1
Wallace Market,1
Flora Universal Health Foods,1
Saks Food Hall,1
Samirmis Supermarket,1
Prasad Caribbean Oriental Specialty Foods Inc,1
Little Green Planet - Bulk Organic Groceries,1
Galleria Supermarket Express,1
Joy Mart,1
Kai Wei Supermarket,1
Ava Esfahan Food Market,1
Bulk Villa,1
Benna's,1
Blue Sky Supermarket,1
FreshChoice Indian Supermarket,1
Fleets Food,1
Pacific Fresh Food Mart,1
Kibo Market,1
Domino's Fine Foods,1
Village Juicery,1
Hua Sheng Supermarket,1
Lone Tai Supermarket,1
Your Community Grocer,1
El Gaucho,1
Tavora Foods,1
Fiesta Farms,1
Great Food Supermarket,1
Foody World,1
C&C Supermarket,1
Highland Farms,1
Coppa's,1
Canbe Foods Inc.,1
Fullworths,1
P.A.T. Central Market,1
Lady York Foods,1
Parsian Fine Foods,1
OM India Food Centre,1
Surati Sweet Mart,1
Jian Hing Supermarket,1
Herat Bazaar,1
Rui Gomes Meats & Food Market,1
Danforth Food Market,1
Távora Foods,1
Yours,1
Freshland,1
Creeds,1
Laz Bakkal Toronto,1
Olympia Supermarket,1
Apna Food Bazaar,1
Carload on the Beach,1
The Source Bulk Foods,1
oomomo,1
Masellis Supermarket,1
Fresh From The Farm,1
Hung-Wang Foods Inc,1
Euro Deli Ltd,1
Food World Supermarket,1
Hamov Fine Food,1
Vida,1
DV African Food Market,1
Eataly,1
Terra Brazil Market,1
G&J West Indian Grocery & Kitchen,1
Galleria Supermarket,1
A Lota Seafoods,1
West Indian Store,1
Ebeano African Caribbean Grocery,1
Al Mina Halal Meat & Grocery,1
Rexall,1
Ambrosia Natural Foods,1
Top Food Fresh Mart,1
Natural Foods,1
McEwan,1
H. N. Grocery,1
Pusateri's Fine Foods,1
Zito's Market,1
Farm Fresh Supermarket,1
Best Ever Supermarket,1
independent City market,1
EconomyFruit,1
Yogas Meat,1
Sankar International,1
m2m Asian Grocery Store,1
Tea Market,1
Marketplace,1
Whole Health,1
Harbour Green Farms,1
Red Mulberry Natural Health Store,1
Yonge Fresh Market,1
Taj Supermarket,1
Sunrise Mark,1
Market Village Grocery,1
Kingston Grocery,1
Marché Leo’s Market,1
Sao Miguel Grocery's LTD,1
Field Fresh Supermarket,1
B.K. Natural Foods,1
Galaxy,1
Galleria The Kitchen Express,1
The Food Depot,1
Fine Food Market,1
Bruno’s Fine Foods,1
Little Bee Supermarket,1
Jarvis Market,1
Galati Market Fresh,1
Sunny Supermarket,1
Tone Tai Supermarket,1
Foodlane,1
Wayne's Supermarket,1
Bloor Meat & Grocery,1
Bloor Fruit Market,1
Village Market,1
Food Depot Supermarket,1
L-Mart Oriental Food Market,1
Justins Natural Foods,1
Galleria K-Food Express,1
Kullubi Food & Spice,1
Fresh & Wild Food Market,1
Centra Food Market,1
7 Sisters Food Market,1
Khorak Supermarket,1
Summer's Best Fruits & Flowers,1
Fresh Value,1
Nutrition House,1
Tienda Movil Latin Supermarket,1
Lucky Moose Food Mart,1
Dad's Cookie Outlet,1
Blossom Pure Organic,1
Level Auto,1
The Bulk Food Emporium,1
Yaris Super Store,1
Ambal Trading,1
Lennie's Whole Foods,1
Yummy Market,1
Kabul Farms Supermarket,1
Baraka Halal Food,1
Food Plus Market,1
Queen Supermarket Convenience,1
Yal Market,1
India Town,1
Marhabah SuperMarket,1
Yam Chops,1
"Bombay Foods Cash ""N"" Carry",1
Shorebazaar Supermarket,1
El Rincón Guerrerense,1
Wonder Food Mart,1
Long Fa Supermarket,1
Nations Fresh Foods,1
Green Valley Products,1
Skyland Food Mart,1
Plank Road Market,1
Fresh Fields,1
AI Premium Food Mart,1
Galleria Marketplace,1
Savours Fresh Market,1
BJ Supermarket,1
Seafood City,1
Marché Adonis,1
The Market by Longo's,1
Al Premium Food Mart,1
Foody Mart,1
Moberly Natural Foods,1
Danforth Food Mart,1
Fusion Supermarket,1
Gunams Supermarket,1
Golden Fresh Market,1
Champ's Food Supplies Ltd,1
Navs Grocery,1
Asia Foodmart,1
